Workbook

Sheet Inputs
A1: MSFT vs US 10-Year Treasury - monthly inputs
A2: Blue = hardcoded input. Month-end dates are calendar month-ends; values are the last trading-day observation in each month.
A3: Retrieved 2026-10-15. Window: 2021-09-30 to 2026-09-30 (61 month-ends -> 60 monthly changes). Partial Oct-2026 excluded.
A4: Month-end | B4: MSFT adj. close (USD/share) | C4: 10Y Treasury yield (%)
A5: Source: calendar month-end (constructed) | B5: Source: Yahoo Finance via stock-data get_price_history (MSFT, interval 1mo, adj_close = split & dividend adjusted) | C5: Source: FRED series DGS10 (Board of Governors / U.S. Treasury), monthly end-of-period aggregation, via stock-data get_macro_series; FRED last_updated 2026-10-13
A6: 44469 | B6: 270.57 | C6: 1.52
A7: 44500 | B7: 318.26 | C7: 1.55
A8: 44530 | B8: 317.86 | C8: 1.43
A9: 44561 | B9: 323.37 | C9: 1.52
A10: 44592 | B10: 299 | C10: 1.79
A11: 44620 | B11: 287.88 | C11: 1.83
A12: 44651 | B12: 297.05 | C12: 2.32
A13: 44681 | B13: 267.38 | C13: 2.89
A14: 44712 | B14: 262.55 | C14: 2.85
A15: 44742 | B15: 248.02 | C15: 2.98
A16: 44773 | B16: 271.11 | C16: 2.67
A17: 44804 | B17: 253.04 | C17: 3.15
... A66: 46295 | B66: 512.9 | C66: 5.29

Sheet Calc
A1: Calculations (all cells below row 5 are live formulas)
A2: Return = adj close / prior adj close - 1. Yield change in percentage points. Rolling corr = CORREL over trailing 12 monthly pairs.
A3: Full-period correlation: | C3: =CORREL(D7:D66,E7:E66) -> -0.25658734 | D3: Obs: | E3: =COUNT(D7:D66) -> 60
A5: Month-end | B5: MSFT adj. close | C5: 10Y yield (%) | D5: MSFT monthly return | E5: Change in 10Y yield (pp) | F5: 12M rolling correlation
A6: =Inputs!A6 -> 44469 | B6: =Inputs!B6 -> 270.57 | C6: =Inputs!C6 -> 1.52 | D6: =NA() -> #N/A | E6: =NA() -> #N/A | F6: =NA() -> #N/A
A7: =Inputs!A7 -> 44500 | B7: =Inputs!B7 -> 318.26 | C7: =Inputs!C7 -> 1.55 | D7: =B7/B6-1 -> 0.17625753 | E7: =C7-C6 -> 0.03 | F7: =NA() -> #N/A
A8: =Inputs!A8 -> 44530 | B8: =Inputs!B8 -> 317.86 | C8: =Inputs!C8 -> 1.43 | D8: =B8/B7-1 -> -0.001256834 | E8: =C8-C7 -> -0.12 | F8: =NA() -> #N/A
A9: =Inputs!A9 -> 44561 | B9: =Inputs!B9 -> 323.37 | C9: =Inputs!C9 -> 1.52 | D9: =B9/B8-1 -> 0.017334676 | E9: =C9-C8 -> 0.09 | F9: =NA() -> #N/A
A10: =Inputs!A10 -> 44592 | B10: =Inputs!B10 -> 299 | C10: =Inputs!C10 -> 1.79 | D10: =B10/B9-1 -> -0.075362588 | E10: =C10-C9 -> 0.27 | F10: =NA() -> #N/A
A11: =Inputs!A11 -> 44620 | B11: =Inputs!B11 -> 287.88 | C11: =Inputs!C11 -> 1.83 | D11: =B11/B10-1 -> -0.037190635 | E11: =C11-C10 -> 0.04 | F11: =NA() -> #N/A
A12: =Inputs!A12 -> 44651 | B12: =Inputs!B12 -> 297.05 | C12: =Inputs!C12 -> 2.32 | D12: =B12/B11-1 -> 0.03185355 | E12: =C12-C11 -> 0.49 | F12: =NA() -> #N/A
A13: =Inputs!A13 -> 44681 | B13: =Inputs!B13 -> 267.38 | C13: =Inputs!C13 -> 2.89 | D13: =B13/B12-1 -> -0.099882175 | E13: =C13-C12 -> 0.57 | F13: =NA() -> #N/A
A14: =Inputs!A14 -> 44712 | B14: =Inputs!B14 -> 262.55 | C14: =Inputs!C14 -> 2.85 | D14: =B14/B13-1 -> -0.018064178 | E14: =C14-C13 -> -0.04 | F14: =NA() -> #N/A
A15: =Inputs!A15 -> 44742 | B15: =Inputs!B15 -> 248.02 | C15: =Inputs!C15 -> 2.98 | D15: =B15/B14-1 -> -0.05534184 | E15: =C15-C14 -> 0.13 | F15: =NA() -> #N/A
A16: =Inputs!A16 -> 44773 | B16: =Inputs!B16 -> 271.11 | C16: =Inputs!C16 -> 2.67 | D16: =B16/B15-1 -> 0.093097331 | E16: =C16-C15 -> -0.31 | F16: =NA() -> #N/A
A17: =Inputs!A17 -> 44804 | B17: =Inputs!B17 -> 253.04 | C17: =Inputs!C17 -> 3.15 | D17: =B17/B16-1 -> -0.066651913 | E17: =C17-C16 -> 0.48 | F17: =NA() -> #N/A
A18: =Inputs!A18 -> 44834 | B18: =Inputs!B18 -> 225.39 | C18: =Inputs!C18 -> 3.83 | D18: =B18/B17-1 -> -0.10927126 | E18: =C18-C17 -> 0.68 | F18: =CORREL(D7:D18,E7:E18) -> -0.60833905
A19: =Inputs!A19 -> 44865 | B19: =Inputs!B19 -> 224.65 | C19: =Inputs!C19 -> 4.1 | D19: =B19/B18-1 -> -0.003283198 | E19: =C19-C18 -> 0.27 | F19: =CORREL(D8:D19,E8:E19) -> -0.69244385
A20: =Inputs!A20 -> 44895 | B20: =Inputs!B20 -> 247.61 | C20: =Inputs!C20 -> 3.68 | D20: =B20/B19-1 -> 0.10220343 | E20: =C20-C19 -> -0.42 | F20: =CORREL(D9:D20,E9:E20) -> -0.78750303
A21: =Inputs!A21 -> 44926 | B21: =Inputs!B21 -> 232.74 | C21: =Inputs!C21 -> 3.88 | D21: =B21/B20-1 -> -0.060054117 | E21: =C21-C20 -> 0.2 | F21: =CORREL(D10:D21,E10:E21) -> -0.77686871
A22: =Inputs!A22 -> 44957 | B22: =Inputs!B22 -> 240.5 | C22: =Inputs!C22 -> 3.52 | D22: =B22/B21-1 -> 0.033341927 | E22: =C22-C21 -> -0.36 | F22: =CORREL(D11:D22,E11:E22) -> -0.78659354
A23: =Inputs!A23 -> 44985 | B23: =Inputs!B23 -> 242.67 | C23: =Inputs!C23 -> 3.92 | D23: =B23/B22-1 -> 0.009022869 | E23: =C23-C22 -> 0.4 | F23: =CORREL(D12:D23,E12:E23) -> -0.76642925
A24: =Inputs!A24 -> 45016 | B24: =Inputs!B24 -> 280.49 | C24: =Inputs!C24 -> 3.48 | D24: =B24/B23-1 -> 0.15584951 | E24: =C24-C23 -> -0.44 | F24: =CORREL(D13:D24,E13:E24) -> -0.88159673
A25: =Inputs!A25 -> 45046 | B25: =Inputs!B25 -> 298.94 | C25: =Inputs!C25 -> 3.44 | D25: =B25/B24-1 -> 0.065777746 | E25: =C25-C24 -> -0.04 | F25: =CORREL(D14:D25,E14:E25) -> -0.85658454
A26: =Inputs!A26 -> 45077 | B26: =Inputs!B26 -> 320.2 | C26: =Inputs!C26 -> 3.64 | D26: =B26/B25-1 -> 0.07111795 | E26: =C26-C25 -> 0.2 | F26: =CORREL(D15:D26,E15:E26) -> -0.8282617
A27: =Inputs!A27 -> 45107 | B27: =Inputs!B27 -> 332.04 | C27: =Inputs!C27 -> 3.81 | D27: =B27/B26-1 -> 0.036976889 | E27: =C27-C26 -> 0.17 | F27: =CORREL(D16:D27,E16:E27) -> -0.84375911
A28: =Inputs!A28 -> 45138 | B28: =Inputs!B28 -> 327.54 | C28: =Inputs!C28 -> 3.97 | D28: =B28/B27-1 -> -0.013552584 | E28: =C28-C27 -> 0.16 | F28: =CORREL(D17:D28,E17:E28) -> -0.82836788
A29: =Inputs!A29 -> 45169 | B29: =Inputs!B29 -> 320.26 | C29: =Inputs!C29 -> 4.09 | D29: =B29/B28-1 -> -0.022226293 | E29: =C29-C28 -> 0.12 | F29: =CORREL(D18:D29,E18:E29) -> -0.79794091
... A66: =Inputs!A66 -> 46295 | B66: =Inputs!B66 -> 512.9 | C66: =Inputs!C66 -> 5.29 | D66: =B66/B65-1 -> 0.011058763 | E66: =C66-C65 -> 0.54 | F66: =CORREL(D55:D66,E55:E66) -> 0.32960885

Sheet Summary
A1: Summary - MSFT monthly returns vs change in 10Y Treasury yield
A3: First month | B3: =Calc!A6 -> 44469
A4: Last month | B4: =Calc!A66 -> 46295
A5: Monthly price rows | B5: =COUNT(Inputs!B6:B66) -> 61
A6: Monthly return observations | B6: =Calc!E3 -> 60
A7: First MSFT adj. close (USD) | B7: =Calc!B6 -> 270.57
A8: Last MSFT adj. close (USD) | B8: =Calc!B66 -> 512.9
A9: First 10Y yield (%) | B9: =Calc!C6 -> 1.52
A10: Last 10Y yield (%) | B10: =Calc!C66 -> 5.29
A11: Full-period correlation | B11: =Calc!C3 -> -0.25658734
A12: Latest 12M rolling correlation | B12: =Calc!F66 -> 0.32960885
A13: Min 12M rolling correlation | B13: =MIN(Calc!F18:F66) -> -0.88159673
A14: Max 12M rolling correlation | B14: =MAX(Calc!F18:F66) -> 0.51301253

Sheet Checks
A1: Checks
A3: Price and yield row counts match | B3: =COUNT(Inputs!B6:B66)=COUNT(Inputs!C6:C66) -> TRUE
A4: No blank inputs | B4: =COUNTBLANK(Inputs!A6:C66)=0 -> TRUE
A5: All prices positive | B5: =MIN(Inputs!B6:B66)>0 -> TRUE
A6: Dates strictly increasing | B6: =SUMPRODUCT(--(Inputs!A7:A66>Inputs!A6:A65))=60 -> TRUE
A7: Correlations within [-1,1] | B7: =AND(MAX(Calc!F18:F66)<=1,MIN(Calc!F18:F66)>=-1,ABS(Calc!C3)<=1) -> TRUE
A8: All checks pass | B8: =AND(B3:B7) -> TRUE
